previewURL,pageURL,views,downloads,likes,tags,img_pop,view_count,num_tags
https://cdn.pixabay.com/photo/2023/11/07/15/31/red-panda-8372704_150.jpg,https://pixabay.com/photos/red-panda-panda-animal-wilderness-8372704/,6080,4266,129,"red panda, panda, animal",P,Low,3
https://cdn.pixabay.com/photo/2022/10/07/09/24/little-panda-7504633_150.jpg,https://pixabay.com/photos/little-panda-red-panda-cat-bear-7504633/,82145,71410,143,"little panda, red panda, cat-bear",P,High,3
https://cdn.pixabay.com/photo/2019/07/27/09/05/red-panda-4366264_150.jpg,https://pixabay.com/photos/red-panda-lesser-panda-wildlife-4366264/,55575,40237,277,"red panda, lesser panda, wildlife",P,High,3
https://cdn.pixabay.com/photo/2016/11/23/01/15/red-panda-1851650_150.jpg,https://pixabay.com/photos/red-panda-bamboo-tongue-out-mammal-1851650/,74934,51112,289,"red panda, bamboo, tongue out",P,High,3
https://cdn.pixabay.com/photo/2016/11/23/13/31/red-panda-1852860_150.jpg,https://pixabay.com/photos/red-panda-animal-baby-branch-cute-1852860/,71666,55723,196,"red panda, animal, baby",P,High,3
https://cdn.pixabay.com/photo/2022/02/15/19/39/panda-7015575_150.jpg,https://pixabay.com/photos/panda-red-panda-bear-furry-mammal-7015575/,15423,10523,88,"panda, red panda, nature",NP,Low,3
https://cdn.pixabay.com/photo/2018/06/30/18/37/panda-3508116_150.jpg,https://pixabay.com/photos/little-panda-red-panda-cat-bear-3508116/,66300,53087,191,"little panda, red panda, cat-bear",P,High,3
https://cdn.pixabay.com/photo/2018/06/28/12/34/panda-3503779_150.jpg,https://pixabay.com/photos/little-panda-red-panda-cat-bear-3503779/,53458,41155,169,"little panda, red panda, cat-bear",P,High,3
https://cdn.pixabay.com/photo/2018/06/30/19/02/panda-3508153_150.jpg,https://pixabay.com/photos/little-panda-red-panda-cat-bear-3508153/,56070,46833,162,"little panda, red panda, cat-bear",P,High,3
https://cdn.pixabay.com/photo/2016/11/23/13/15/red-panda-1852789_150.jpg,https://pixabay.com/photos/red-panda-leaves-branch-outdoors-1852789/,60025,43822,216,"red panda, leaves, branch",P,High,3
https://cdn.pixabay.com/photo/2016/11/23/01/18/red-panda-1851661_150.jpg,https://pixabay.com/photos/red-panda-animal-carnivore-close-up-1851661/,43071,29227,165,"red panda, animal, carnivore",P,High,3
https://cdn.pixabay.com/photo/2017/01/15/19/04/red-panda-1982445_150.jpg,https://pixabay.com/photos/red-panda-animal-mammal-1982445/,40639,29117,166,"red panda, animal, mammal",P,High,3
https://cdn.pixabay.com/photo/2019/08/20/13/14/animal-4418773_150.jpg,https://pixabay.com/photos/animal-red-panda-mammal-species-4418773/,22245,17509,118,"animal, red panda, mammal",P,Low,3
https://cdn.pixabay.com/photo/2018/02/18/00/22/panda-3161290_150.jpg,https://pixabay.com/photos/little-panda-red-panda-cat-bear-3161290/,25405,19256,89,"little panda, red panda, cat-bear",NP,Low,3
https://cdn.pixabay.com/photo/2016/11/23/13/32/red-panda-1852861_150.jpg,https://pixabay.com/photos/red-panda-tree-carnivore-mammal-1852861/,33357,24196,115,"red panda, tree, carnivore",P,High,3
https://cdn.pixabay.com/photo/2019/05/18/00/22/red-panda-4211083_150.jpg,https://pixabay.com/photos/red-panda-lesser-panda-animal-4211083/,17328,13061,82,"red panda, lesser panda, animal",NP,Low,3
https://cdn.pixabay.com/photo/2016/11/23/01/03/red-panda-1851590_150.jpg,https://pixabay.com/photos/red-panda-animal-cute-furry-1851590/,34011,26925,93,"red panda, animal, cute",NP,High,3
https://cdn.pixabay.com/photo/2019/11/29/10/05/animal-4660971_150.jpg,https://pixabay.com/photos/animal-panda-red-bear-zoo-nature-4660971/,23211,18787,72,"animal, panda, red",NP,Low,3
https://cdn.pixabay.com/photo/2016/11/23/13/26/red-panda-1852830_150.jpg,https://pixabay.com/photos/red-panda-mammal-animal-wild-animal-1852830/,16334,11415,51,"red panda, mammal, animal",NP,Low,3
https://cdn.pixabay.com/photo/2016/11/23/13/24/animals-1852823_150.jpg,https://pixabay.com/photos/animals-red-pandas-cuddle-pair-1852823/,37089,22393,118,"animals, red pandas, cuddle",P,High,3
https://cdn.pixabay.com/photo/2023/02/03/10/16/red-panda-7764725_150.jpg,https://pixabay.com/photos/red-panda-panda-animal-mammal-7764725/,5894,5320,69,"red panda, panda, animal",NP,Low,3
https://cdn.pixabay.com/photo/2023/01/29/12/53/red-panda-7753226_150.jpg,https://pixabay.com/photos/red-panda-panda-animal-mammal-7753226/,5967,5539,61,"red panda, nature, panda",NP,Low,3
https://cdn.pixabay.com/photo/2018/02/18/13/10/nature-3162233_150.jpg,https://pixabay.com/photos/nature-mammal-animal-wildlife-cute-3162233/,30292,20061,145,"nature, mammal, animal",P,High,3
https://cdn.pixabay.com/photo/2019/10/13/14/33/panda-4546244_150.jpg,https://pixabay.com/photos/little-panda-red-panda-cat-bear-4546244/,16852,12322,130,"little panda, red panda, cat-bear",P,Low,3
https://cdn.pixabay.com/photo/2022/10/18/14/15/red-panda-7530417_150.jpg,https://pixabay.com/photos/red-panda-animal-lesser-panda-7530417/,7334,6828,62,"red panda, animal, lesser panda",NP,Low,3
https://cdn.pixabay.com/photo/2016/02/11/20/45/red-panda-1194506_150.jpg,https://pixabay.com/photos/red-panda-yawns-curious-1194506/,75299,42198,224,"red panda, free wallpaper, yawns",P,High,3
https://cdn.pixabay.com/photo/2016/02/11/20/45/red-panda-1194504_150.jpg,https://pixabay.com/photos/red-panda-panda-animal-mammal-1194504/,45498,20839,165,"red panda, wallpaper hd, laptop wallpaper",P,High,3
https://cdn.pixabay.com/photo/2019/08/05/21/40/panda-4387000_150.jpg,https://pixabay.com/photos/little-panda-red-panda-cat-bear-4387000/,10136,7687,82,"little panda, red panda, cat-bear",NP,Low,3
https://cdn.pixabay.com/photo/2020/08/09/13/53/red-panda-5475574_150.jpg,https://pixabay.com/photos/red-panda-bear-animal-mammal-fur-5475574/,10530,8083,66,"red panda, bear, animal",NP,Low,3
https://cdn.pixabay.com/photo/2016/10/07/16/00/panda-1721912_150.jpg,https://pixabay.com/photos/little-panda-red-panda-cat-bear-1721912/,15373,10344,95,"little panda, red panda, cat-bear",NP,Low,3
https://cdn.pixabay.com/photo/2016/02/05/21/20/red-panda-1182069_150.jpg,https://pixabay.com/photos/red-panda-little-panda-bamboo-1182069/,30529,10061,89,"red panda, little panda, bamboo",NP,High,3
https://cdn.pixabay.com/photo/2017/04/20/20/03/illustration-2246804_150.jpg,https://pixabay.com/photos/illustration-red-panda-zoo-2246804/,14785,9164,85,"illustration, red panda, zoo",NP,Low,3
https://cdn.pixabay.com/photo/2019/08/13/20/55/panda-4404234_150.jpg,https://pixabay.com/photos/little-panda-red-panda-cat-bear-4404234/,6744,4931,63,"little panda, red panda, cat-bear",NP,Low,3
https://cdn.pixabay.com/photo/2018/06/30/15/43/red-panda-3507877_150.jpg,https://pixabay.com/photos/red-panda-sleeping-on-branch-china-3507877/,9726,5668,62,"red panda, sleeping on branch, china",NP,Low,3
https://cdn.pixabay.com/photo/2017/01/16/22/44/chinese-panda-1985466_150.jpg,https://pixabay.com/photos/chinese-panda-red-panda-snow-1985466/,20117,9066,65,"chinese panda, red panda, snow",NP,Low,3
https://cdn.pixabay.com/photo/2016/11/23/01/04/animal-1851593_150.jpg,https://pixabay.com/photos/animal-branch-cute-red-panda-1851593/,13764,7144,57,"animal, branch, cute",NP,Low,3
https://cdn.pixabay.com/photo/2016/02/11/20/46/red-panda-1194509_150.jpg,https://pixabay.com/photos/red-panda-little-panda-cute-curious-1194509/,33116,15189,105,"red panda, little panda, 4k wallpaper 1920x1080",P,High,3
https://cdn.pixabay.com/photo/2018/10/11/20/28/panda-3740786_150.jpg,https://pixabay.com/photos/little-panda-red-panda-cat-bear-3740786/,11277,8955,60,"little panda, red panda, cat-bear",NP,Low,3
https://cdn.pixabay.com/photo/2016/11/23/01/04/adorable-1851594_150.jpg,https://pixabay.com/photos/adorable-animal-cute-fox-fur-1851594/,9987,5564,60,"adorable, animal, cute",NP,Low,3
https://cdn.pixabay.com/photo/2017/12/26/16/31/panda-3040830_150.jpg,https://pixabay.com/photos/little-panda-red-panda-cat-bear-3040830/,10600,6121,57,"little panda, red panda, cat-bear",NP,Low,3
https://cdn.pixabay.com/photo/2018/03/26/09/29/panda-3262048_150.jpg,https://pixabay.com/photos/panda-brown-panda-little-panda-3262048/,8460,5148,51,"panda, brown panda, little panda",NP,Low,3
https://cdn.pixabay.com/photo/2019/04/15/12/47/panda-4129283_150.jpg,https://pixabay.com/photos/little-panda-red-panda-cat-bear-4129283/,3552,2587,51,"little panda, red panda, cat-bear",NP,Low,3
https://cdn.pixabay.com/photo/2018/10/01/08/33/panda-3715618_150.jpg,https://pixabay.com/photos/little-panda-red-panda-cat-bear-3715618/,4180,2690,51,"little panda, red panda, cat-bear",NP,Low,3
https://cdn.pixabay.com/photo/2016/02/05/21/22/red-panda-1182078_150.jpg,https://pixabay.com/photos/red-panda-little-panda-bamboo-1182078/,22719,10513,96,"red panda, cool backgrounds, laptop wallpaper",NP,Low,3
https://cdn.pixabay.com/photo/2016/02/05/21/19/red-panda-1182066_150.jpg,https://pixabay.com/photos/red-panda-little-panda-bamboo-1182066/,14904,6968,57,"red panda, little panda, 4k wallpaper 1920x1080",NP,Low,3
